{"cameraMode":{"drawMode":0,"name":"Shaded","section":"Shading Mode"},"sceneLighting":true,"audioPlay":false,"sceneViewState":{"showFog":true,"showMaterialUpdate":false,"showSkybox":true,"showFlares":true,"showImageEffects":true,"showParticleSystems":true},"in2DMode":false,"pivot":{"x":-1.7847609519958497,"y":10.807892799377442,"z":-2.258114814758301},"rotation":{"x":0.1893555074930191,"y":0.38369375467300417,"z":-0.08070667088031769,"w":0.9002277851104736},"size":11.38855266571045,"orthographic":false}