{"cameraMode":{"drawMode":0,"name":"Shaded","section":"Shading Mode"},"sceneLighting":false,"audioPlay":false,"sceneViewState":{"showFog":true,"showMaterialUpdate":false,"showSkybox":true,"showFlares":true,"showImageEffects":true,"showParticleSystems":true},"in2DMode":false,"pivot":{"x":3.3957221508026125,"y":1.7051273584365845,"z":1.2918554544448853},"rotation":{"x":-0.047633904963731769,"y":-0.686287522315979,"z":-0.04512906074523926,"w":0.7243643999099731},"size":2.8578836917877199,"orthographic":false}