{"cameraMode":{"drawMode":0,"name":"Shaded","section":"Shading Mode"},"sceneLighting":true,"audioPlay":false,"sceneViewState":{"showFog":true,"showMaterialUpdate":false,"showSkybox":true,"showFlares":true,"showImageEffects":true,"showParticleSystems":true},"in2DMode":false,"pivot":{"x":29.306896209716798,"y":18.134307861328126,"z":-31.336183547973634},"rotation":{"x":0.20551665127277375,"y":0.5433258414268494,"z":-0.13923342525959016,"w":0.8019813299179077},"size":14.05246639251709,"orthographic":false}