{"cameraMode":{"drawMode":0,"name":"Shaded","section":"Shading Mode"},"sceneLighting":true,"audioPlay":false,"sceneViewState":{"showFog":true,"showMaterialUpdate":false,"showSkybox":true,"showFlares":true,"showImageEffects":true,"showParticleSystems":true},"in2DMode":false,"pivot":{"x":-2.9107792377471926,"y":8.991538047790528,"z":-0.9635739922523499},"rotation":{"x":-0.1354650855064392,"y":-0.8607866168022156,"z":0.30093592405319216,"w":-0.3874703347682953},"size":1.031909704208374,"orthographic":false}