{"cameraMode":{"drawMode":0,"name":"Shaded","section":"Shading Mode"},"sceneLighting":true,"audioPlay":false,"sceneViewState":{"showFog":true,"showMaterialUpdate":false,"showSkybox":true,"showFlares":true,"showImageEffects":true,"showParticleSystems":true},"in2DMode":false,"pivot":{"x":6.103785037994385,"y":4.029404163360596,"z":-7.336130619049072},"rotation":{"x":-0.0018927082419395447,"y":0.7071180939674377,"z":0.001897214911878109,"w":0.7070904970169067},"size":6.441659927368164,"orthographic":false}